record_type,format,username,rating,gxe,pr,levels,extraction_time,source,endpoint
ladder,gen9ou,SOUTH STATION,,85.8,,,2025-06-10T19:48:08.106743,showdown,ladder/gen9ou
ladder,gen9ou,saw war newnew,,88.7,,,2025-06-10T19:48:08.106743,showdown,ladder/gen9ou
ladder,gen9ou,sunflora wukong,,85.3,,,2025-06-10T19:48:08.106743,showdown,ladder/gen9ou
ladder,gen9ou,kalamaio,,84.7,,,2025-06-10T19:48:08.106743,showdown,ladder/gen9ou
ladder,gen9ou,BANH MI DU MA,,86.3,,,2025-06-10T19:48:08.106743,showdown,ladder/gen9ou
ladder,gen9ou,8wKzDBm3nT4L1TyxQu,,87.5,,,2025-06-10T19:48:08.106743,showdown,ladder/gen9ou
ladder,gen9ou,free solo artist,,81.3,,,2025-06-10T19:48:08.106743,showdown,ladder/gen9ou
ladder,gen9ou,xorete,,84.0,,,2025-06-10T19:48:08.106743,showdown,ladder/gen9ou
ladder,gen9ou,bombobini gusini,,85.4,,,2025-06-10T19:48:08.106743,showdown,ladder/gen9ou
ladder,gen9ou,she wants me 4l,,79.3,,,2025-06-10T19:48:08.106743,showdown,ladder/gen9ou
ladder,gen9ou,Well That DOES IT,,88.8,,,2025-06-10T19:48:08.106743,showdown,ladder/gen9ou
ladder,gen9ou,you best not miss,,82.3,,,2025-06-10T19:48:08.106743,showdown,ladder/gen9ou
ladder,gen9ou,Encadio,,83.7,,,2025-06-10T19:48:08.106743,showdown,ladder/gen9ou
ladder,gen9ou,OnSayuzeNem,,86.2,,,2025-06-10T19:48:08.106743,showdown,ladder/gen9ou
ladder,gen9ou,Moodclues,,84.2,,,2025-06-10T19:48:08.106743,showdown,ladder/gen9ou
ladder,gen9ou,Malk Tyme,,81.4,,,2025-06-10T19:48:08.106743,showdown,ladder/gen9ou
ladder,gen9ou,mommy buzzwole,,86.3,,,2025-06-10T19:48:08.106743,showdown,ladder/gen9ou
ladder,gen9ou,butts99999,,86.7,,,2025-06-10T19:48:08.106743,showdown,ladder/gen9ou
ladder,gen9ou,Shikuleo,,86.4,,,2025-06-10T19:48:08.106743,showdown,ladder/gen9ou
ladder,gen9ou,Snake Prairie,,84.0,,,2025-06-10T19:48:08.106743,showdown,ladder/gen9ou
ladder,gen9ou,Kin2,,80.3,,,2025-06-10T19:48:08.106743,showdown,ladder/gen9ou
ladder,gen9ou,a trip to paris,,83.4,,,2025-06-10T19:48:08.106743,showdown,ladder/gen9ou
ladder,gen9ou,metallowires,,86.2,,,2025-06-10T19:48:08.106743,showdown,ladder/gen9ou
ladder,gen9ou,Lancer Medusa,,81.9,,,2025-06-10T19:48:08.106743,showdown,ladder/gen9ou
ladder,gen9ou,okidogi bro,,81.4,,,2025-06-10T19:48:08.106743,showdown,ladder/gen9ou
ladder,gen9ou,nagoL40spaz,,83.6,,,2025-06-10T19:48:08.106743,showdown,ladder/gen9ou
ladder,gen9ou,inertialinitiative,,88.1,,,2025-06-10T19:48:08.106743,showdown,ladder/gen9ou
ladder,gen9ou,Abrobatics,,80.5,,,2025-06-10T19:48:08.106743,showdown,ladder/gen9ou
ladder,gen9ou,qways,,81.2,,,2025-06-10T19:48:08.106743,showdown,ladder/gen9ou
ladder,gen9ou,Doue MVP,,83.9,,,2025-06-10T19:48:08.106743,showdown,ladder/gen9ou
ladder,gen9ou,Braised Snorlax,,82.2,,,2025-06-10T19:48:08.106743,showdown,ladder/gen9ou
ladder,gen9ou,DragoniteFan1,,86.2,,,2025-06-10T19:48:08.106743,showdown,ladder/gen9ou
ladder,gen9ou,O12D,,83.3,,,2025-06-10T19:48:08.106743,showdown,ladder/gen9ou
ladder,gen9ou,cold.exe,,82.4,,,2025-06-10T19:48:08.106743,showdown,ladder/gen9ou
ladder,gen9ou,BadTeamsHighLadder,,80.0,,,2025-06-10T19:48:08.106743,showdown,ladder/gen9ou
ladder,gen9ou,pod10,,82.3,,,2025-06-10T19:48:08.106743,showdown,ladder/gen9ou
ladder,gen9ou,midafin,,87.1,,,2025-06-10T19:48:08.106743,showdown,ladder/gen9ou
ladder,gen9ou,La mere a Bachira,,79.5,,,2025-06-10T19:48:08.106743,showdown,ladder/gen9ou
ladder,gen9ou,i hug my bitch,,83.8,,,2025-06-10T19:48:08.106743,showdown,ladder/gen9ou
ladder,gen9ou,chusei20,,79.5,,,2025-06-10T19:48:08.106743,showdown,ladder/gen9ou
ladder,gen9ou,VerySuboptimal,,78.0,,,2025-06-10T19:48:08.106743,showdown,ladder/gen9ou
ladder,gen9ou,art of positioning,,82.1,,,2025-06-10T19:48:08.106743,showdown,ladder/gen9ou
ladder,gen9ou,KTM Adam 1,,80.8,,,2025-06-10T19:48:08.106743,showdown,ladder/gen9ou
ladder,gen9ou,FRATTE REGNA,,81.8,,,2025-06-10T19:48:08.106743,showdown,ladder/gen9ou
ladder,gen9ou,BALL$ACKZ,,84.6,,,2025-06-10T19:48:08.106743,showdown,ladder/gen9ou
ladder,gen9ou,Bellakath,,82.2,,,2025-06-10T19:48:08.106743,showdown,ladder/gen9ou
ladder,gen9ou,TheEliteFourLarry,,86.1,,,2025-06-10T19:48:08.106743,showdown,ladder/gen9ou
ladder,gen9ou,chen qt,,85.8,,,2025-06-10T19:48:08.106743,showdown,ladder/gen9ou
ladder,gen9ou,kaloid,,84.5,,,2025-06-10T19:48:08.106743,showdown,ladder/gen9ou
ladder,gen9ou,LoseToRU?,,80.8,,,2025-06-10T19:48:08.106743,showdown,ladder/gen9ou
ladder,gen9ubers,BK new 维亚内拉,,94.5,,,2025-06-10T19:48:08.106743,showdown,ladder/gen9ubers
ladder,gen9ubers,vertrip,,91.5,,,2025-06-10T19:48:08.106743,showdown,ladder/gen9ubers
ladder,gen9ubers,8142e,,93.2,,,2025-06-10T19:48:08.106743,showdown,ladder/gen9ubers
ladder,gen9ubers,ox04,,91.7,,,2025-06-10T19:48:08.106743,showdown,ladder/gen9ubers
ladder,gen9ubers,CarvioFlaskier,,86.1,,,2025-06-10T19:48:08.106743,showdown,ladder/gen9ubers
ladder,gen9ubers,ZowwyCake❤️,,91.1,,,2025-06-10T19:48:08.106743,showdown,ladder/gen9ubers
ladder,gen9ubers,Le Mur Du Son,,93.8,,,2025-06-10T19:48:08.106743,showdown,ladder/gen9ubers
ladder,gen9ubers,jerrycarry11,,87.2,,,2025-06-10T19:48:08.106743,showdown,ladder/gen9ubers
ladder,gen9ubers,stanloona2023,,94.1,,,2025-06-10T19:48:08.106743,showdown,ladder/gen9ubers
ladder,gen9ubers,maelizondo2,,88.8,,,2025-06-10T19:48:08.106743,showdown,ladder/gen9ubers
ladder,gen9ubers,laddermaster420,,91.0,,,2025-06-10T19:48:08.106743,showdown,ladder/gen9ubers
ladder,gen9ubers,BurningintheEmbers,,93.5,,,2025-06-10T19:48:08.106743,showdown,ladder/gen9ubers
ladder,gen9ubers,Melmoney,,93.2,,,2025-06-10T19:48:08.106743,showdown,ladder/gen9ubers
ladder,gen9ubers,f5vee,,85.6,,,2025-06-10T19:48:08.106743,showdown,ladder/gen9ubers
ladder,gen9ubers,default0,,91.1,,,2025-06-10T19:48:08.106743,showdown,ladder/gen9ubers
ladder,gen9ubers,penrose district,,95.0,,,2025-06-10T19:48:08.106743,showdown,ladder/gen9ubers
ladder,gen9ubers,ThePlumber7,,87.4,,,2025-06-10T19:48:08.106743,showdown,ladder/gen9ubers
ladder,gen9ubers,Harran,,92.0,,,2025-06-10T19:48:08.106743,showdown,ladder/gen9ubers
ladder,gen9ubers,kourouxu,,90.3,,,2025-06-10T19:48:08.106743,showdown,ladder/gen9ubers
ladder,gen9ubers,Fc ❤,,93.2,,,2025-06-10T19:48:08.106743,showdown,ladder/gen9ubers
ladder,gen9ubers,bonslyguyfan,,90.5,,,2025-06-10T19:48:08.106743,showdown,ladder/gen9ubers
ladder,gen9ubers,We Go 2gether,,89.3,,,2025-06-10T19:48:08.106743,showdown,ladder/gen9ubers
ladder,gen9ubers,L'isola perduta,,89.0,,,2025-06-10T19:48:08.106743,showdown,ladder/gen9ubers
ladder,gen9ubers,Snakey7777777,,87.7,,,2025-06-10T19:48:08.106743,showdown,ladder/gen9ubers
ladder,gen9ubers,mrdarkcyber,,89.6,,,2025-06-10T19:48:08.106743,showdown,ladder/gen9ubers
ladder,gen9ubers,Tyrant's Scorn,,92.6,,,2025-06-10T19:48:08.106743,showdown,ladder/gen9ubers
ladder,gen9ubers,Wssi,,89.6,,,2025-06-10T19:48:08.106743,showdown,ladder/gen9ubers
ladder,gen9ubers,RoFnA,,92.2,,,2025-06-10T19:48:08.106743,showdown,ladder/gen9ubers
ladder,gen9ubers,willyng1,,88.5,,,2025-06-10T19:48:08.106743,showdown,ladder/gen9ubers
ladder,gen9ubers,BlazingCloud☁️,,90.0,,,2025-06-10T19:48:08.106743,showdown,ladder/gen9ubers
ladder,gen9ubers,S-Matrix,,84.9,,,2025-06-10T19:48:08.106743,showdown,ladder/gen9ubers
ladder,gen9ubers,fatfighter5,,92.0,,,2025-06-10T19:48:08.106743,showdown,ladder/gen9ubers
ladder,gen9ubers,juno girl,,89.1,,,2025-06-10T19:48:08.106743,showdown,ladder/gen9ubers
ladder,gen9ubers,icanplaycolintoo,,89.3,,,2025-06-10T19:48:08.106743,showdown,ladder/gen9ubers
ladder,gen9ubers,EDG Green,,91.4,,,2025-06-10T19:48:08.106743,showdown,ladder/gen9ubers
ladder,gen9ubers,gbmeme,,90.2,,,2025-06-10T19:48:08.106743,showdown,ladder/gen9ubers
ladder,gen9ubers,Venati,,92.3,,,2025-06-10T19:48:08.106743,showdown,ladder/gen9ubers
ladder,gen9ubers,Guizmo 1,,89.8,,,2025-06-10T19:48:08.106743,showdown,ladder/gen9ubers
ladder,gen9ubers,huyuhun,,92.4,,,2025-06-10T19:48:08.106743,showdown,ladder/gen9ubers
ladder,gen9ubers,Sleigh Beggy,,89.9,,,2025-06-10T19:48:08.106743,showdown,ladder/gen9ubers
ladder,gen9ubers,123uejghjernqvljk,,88.1,,,2025-06-10T19:48:08.106743,showdown,ladder/gen9ubers
ladder,gen9ubers,jerrycarry1111,,93.2,,,2025-06-10T19:48:08.106743,showdown,ladder/gen9ubers
ladder,gen9ubers,Sweettpain,,88.6,,,2025-06-10T19:48:08.106743,showdown,ladder/gen9ubers
ladder,gen9ubers,Laila Frizz,,91.0,,,2025-06-10T19:48:08.106743,showdown,ladder/gen9ubers
ladder,gen9ubers,jjllzl,,90.0,,,2025-06-10T19:48:08.106743,showdown,ladder/gen9ubers
ladder,gen9ubers,Remnonc,,87.6,,,2025-06-10T19:48:08.106743,showdown,ladder/gen9ubers
ladder,gen9ubers,hyperpizza100,,88.4,,,2025-06-10T19:48:08.106743,showdown,ladder/gen9ubers
ladder,gen9ubers,change40,,89.6,,,2025-06-10T19:48:08.106743,showdown,ladder/gen9ubers
ladder,gen9ubers,savage14455,,89.0,,,2025-06-10T19:48:08.106743,showdown,ladder/gen9ubers
ladder,gen9ubers,cby Tocause,,87.7,,,2025-06-10T19:48:08.106743,showdown,ladder/gen9ubers
ladder,gen9monotype,Dieu Amphibien,,92.0,,,2025-06-10T19:48:08.106743,showdown,ladder/gen9monotype
ladder,gen9monotype,trichotomy,,89.2,,,2025-06-10T19:48:08.106743,showdown,ladder/gen9monotype
ladder,gen9monotype,Miyabi Cute Ears,,84.0,,,2025-06-10T19:48:08.106743,showdown,ladder/gen9monotype
ladder,gen9monotype,MLTSD r2yal,,80.1,,,2025-06-10T19:48:08.106743,showdown,ladder/gen9monotype
ladder,gen9monotype,mltza1,,88.5,,,2025-06-10T19:48:08.106743,showdown,ladder/gen9monotype
ladder,gen9monotype,MLTSD pyrmd,,86.6,,,2025-06-10T19:48:08.106743,showdown,ladder/gen9monotype
ladder,gen9monotype,MLTSD ThWvrnKng,,82.8,,,2025-06-10T19:48:08.106743,showdown,ladder/gen9monotype
ladder,gen9monotype,Miami Mimikyu,,87.8,,,2025-06-10T19:48:08.106743,showdown,ladder/gen9monotype
ladder,gen9monotype,Alabama girls,,85.1,,,2025-06-10T19:48:08.106743,showdown,ladder/gen9monotype
ladder,gen9monotype,mltsd rio,,80.2,,,2025-06-10T19:48:08.106743,showdown,ladder/gen9monotype
ladder,gen9monotype,pugzig9,,87.5,,,2025-06-10T19:48:08.106743,showdown,ladder/gen9monotype
ladder,gen9monotype,mltsd j,,86.8,,,2025-06-10T19:48:08.106743,showdown,ladder/gen9monotype
ladder,gen9monotype,MLTZA1 Showl,,83.8,,,2025-06-10T19:48:08.106743,showdown,ladder/gen9monotype
ladder,gen9monotype,pyrmd,,81.8,,,2025-06-10T19:48:08.106743,showdown,ladder/gen9monotype
ladder,gen9monotype,mltza1 mind,,87.7,,,2025-06-10T19:48:08.106743,showdown,ladder/gen9monotype
ladder,gen9monotype,themaverick,,89.1,,,2025-06-10T19:48:08.106743,showdown,ladder/gen9monotype
ladder,gen9monotype,FLO3 SussyBaka,,84.4,,,2025-06-10T19:48:08.106743,showdown,ladder/gen9monotype
ladder,gen9monotype,MLTZA1 az,,84.8,,,2025-06-10T19:48:08.106743,showdown,ladder/gen9monotype
ladder,gen9monotype,Rainbow Chrome,,84.6,,,2025-06-10T19:48:08.106743,showdown,ladder/gen9monotype
ladder,gen9monotype,ting luther,,84.2,,,2025-06-10T19:48:08.106743,showdown,ladder/gen9monotype
ladder,gen9monotype,Huzylly27,,85.4,,,2025-06-10T19:48:08.106743,showdown,ladder/gen9monotype
ladder,gen9monotype,FLO3 Tiara,,85.8,,,2025-06-10T19:48:08.106743,showdown,ladder/gen9monotype
ladder,gen9monotype,Ranger 0,,88.1,,,2025-06-10T19:48:08.106743,showdown,ladder/gen9monotype
ladder,gen9monotype,Cee u-u 2,,91.1,,,2025-06-10T19:48:08.106743,showdown,ladder/gen9monotype
ladder,gen9monotype,MLTSD Memphis,,81.8,,,2025-06-10T19:48:08.106743,showdown,ladder/gen9monotype
ladder,gen9monotype,Iron Michael 66,,88.1,,,2025-06-10T19:48:08.106743,showdown,ladder/gen9monotype
ladder,gen9monotype,hammy358,,84.0,,,2025-06-10T19:48:08.106743,showdown,ladder/gen9monotype
ladder,gen9monotype,LoSconosciuto,,86.4,,,2025-06-10T19:48:08.106743,showdown,ladder/gen9monotype
ladder,gen9monotype,MLTZA1 Memphis,,82.4,,,2025-06-10T19:48:08.106743,showdown,ladder/gen9monotype
ladder,gen9monotype,MLTSD hammy,,83.9,,,2025-06-10T19:48:08.106743,showdown,ladder/gen9monotype
ladder,gen9monotype,MLTZA1 Juleo,,77.3,,,2025-06-10T19:48:08.106743,showdown,ladder/gen9monotype
ladder,gen9monotype,ltranc,,83.4,,,2025-06-10T19:48:08.106743,showdown,ladder/gen9monotype
ladder,gen9monotype,MLTZA1 Dieu,,86.2,,,2025-06-10T19:48:08.106743,showdown,ladder/gen9monotype
ladder,gen9monotype,ABNH Showl,,80.8,,,2025-06-10T19:48:08.106743,showdown,ladder/gen9monotype
ladder,gen9monotype,Rocket grunt KB,,80.8,,,2025-06-10T19:48:08.106743,showdown,ladder/gen9monotype
ladder,gen9monotype,Joe Bureau,,87.1,,,2025-06-10T19:48:08.106743,showdown,ladder/gen9monotype
ladder,gen9monotype,packzick,,82.3,,,2025-06-10T19:48:08.106743,showdown,ladder/gen9monotype
ladder,gen9monotype,what about meeeee,,91.7,,,2025-06-10T19:48:08.106743,showdown,ladder/gen9monotype
ladder,gen9monotype,art of building,,83.8,,,2025-06-10T19:48:08.106743,showdown,ladder/gen9monotype
ladder,gen9monotype,SAW ☾ 乂SC,,86.9,,,2025-06-10T19:48:08.106743,showdown,ladder/gen9monotype
ladder,gen9monotype,Lake606,,77.9,,,2025-06-10T19:48:08.106743,showdown,ladder/gen9monotype
ladder,gen9monotype,MLTZA1 pyr,,78.9,,,2025-06-10T19:48:08.106743,showdown,ladder/gen9monotype
ladder,gen9monotype,ajumi,,87.5,,,2025-06-10T19:48:08.106743,showdown,ladder/gen9monotype
ladder,gen9monotype,Papercut Massacre,,82.2,,,2025-06-10T19:48:08.106743,showdown,ladder/gen9monotype
ladder,gen9monotype,Gym Leader Kune,,81.2,,,2025-06-10T19:48:08.106743,showdown,ladder/gen9monotype
ladder,gen9monotype,mechanicalhoundour,,83.3,,,2025-06-10T19:48:08.106743,showdown,ladder/gen9monotype
ladder,gen9monotype,Dorron ☆,,81.8,,,2025-06-10T19:48:08.106743,showdown,ladder/gen9monotype
ladder,gen9monotype,Ed_Sheeran_Gaming,,87.1,,,2025-06-10T19:48:08.106743,showdown,ladder/gen9monotype
ladder,gen9monotype,CleanTesting,,80.3,,,2025-06-10T19:48:08.106743,showdown,ladder/gen9monotype
ladder,gen9monotype,RoyalReloaded,,85.3,,,2025-06-10T19:48:08.106743,showdown,ladder/gen9monotype
ladder,gen9monotype,MLTZA1 PD,,81.4,,,2025-06-10T19:48:08.106743,showdown,ladder/gen9monotype
ladder,gen9monotype,MLTSD L,,82.5,,,2025-06-10T19:48:08.106743,showdown,ladder/gen9monotype
ladder,gen9monotype,londi g,,80.4,,,2025-06-10T19:48:08.106743,showdown,ladder/gen9monotype
ladder,gen9monotype,Cee o-o,,84.2,,,2025-06-10T19:48:08.106743,showdown,ladder/gen9monotype
ladder,gen9monotype,Vodoom,,83.9,,,2025-06-10T19:48:08.106743,showdown,ladder/gen9monotype
ladder,gen9monotype,Khahara,,79.1,,,2025-06-10T19:48:08.106743,showdown,ladder/gen9monotype
ladder,gen9monotype,smub,,84.0,,,2025-06-10T19:48:08.106743,showdown,ladder/gen9monotype
ladder,gen9monotype,DreamPrince,,81.1,,,2025-06-10T19:48:08.106743,showdown,ladder/gen9monotype
ladder,gen9monotype,La teknology,,82.6,,,2025-06-10T19:48:08.106743,showdown,ladder/gen9monotype
ladder,gen9monotype,MLTZA1 Dorron,,79.7,,,2025-06-10T19:48:08.106743,showdown,ladder/gen9monotype
ladder,gen9monotype,king choco,,86.7,,,2025-06-10T19:48:08.106743,showdown,ladder/gen9monotype
ladder,gen9monotype,aaaaahowdogamework,,78.4,,,2025-06-10T19:48:08.106743,showdown,ladder/gen9monotype
ladder,gen9monotype,ESDBDA kraken,,83.5,,,2025-06-10T19:48:08.106743,showdown,ladder/gen9monotype
ladder,gen9monotype,PandaDoux,,84.1,,,2025-06-10T19:48:08.106743,showdown,ladder/gen9monotype
ladder,gen9monotype,ESDBDA kawaii,,83.3,,,2025-06-10T19:48:08.106743,showdown,ladder/gen9monotype
ladder,gen9monotype,Remiliandre,,77.9,,,2025-06-10T19:48:08.106743,showdown,ladder/gen9monotype
ladder,gen9monotype,Vik5917,,79.8,,,2025-06-10T19:48:08.106743,showdown,ladder/gen9monotype
ladder,gen9monotype,mortis142,,86.8,,,2025-06-10T19:48:08.106743,showdown,ladder/gen9monotype
ladder,gen9monotype,Pyg,,77.6,,,2025-06-10T19:48:08.106743,showdown,ladder/gen9monotype
ladder,gen9monotype,Flood 7,,82.9,,,2025-06-10T19:48:08.106743,showdown,ladder/gen9monotype
ladder,gen9monotype,mltla3 vapo,,80.4,,,2025-06-10T19:48:08.106743,showdown,ladder/gen9monotype
ladder,gen9monotype,JrryBerry_,,81.9,,,2025-06-10T19:48:08.106743,showdown,ladder/gen9monotype
ladder,gen9monotype,BXR8 CLOWNUTA,,86.5,,,2025-06-10T19:48:08.106743,showdown,ladder/gen9monotype
ladder,gen9monotype,shaomao,,85.1,,,2025-06-10T19:48:08.106743,showdown,ladder/gen9monotype
ladder,gen9monotype,konjiki2525 毒,,73.9,,,2025-06-10T19:48:08.106743,showdown,ladder/gen9monotype
ladder,gen9monotype,sarahndipity,,86.6,,,2025-06-10T19:48:08.106743,showdown,ladder/gen9monotype
ladder,gen9monotype,haxmomola,,77.8,,,2025-06-10T19:48:08.106743,showdown,ladder/gen9monotype
ladder,gen9monotype,MLTZA1 aaaaa,,79.7,,,2025-06-10T19:48:08.106743,showdown,ladder/gen9monotype
ladder,gen9monotype,MLTLA3 Arquero,,76.3,,,2025-06-10T19:48:08.106743,showdown,ladder/gen9monotype
ladder,gen9monotype,cpt.kraken,,79.4,,,2025-06-10T19:48:08.106743,showdown,ladder/gen9monotype
ladder,gen9monotype,Birbs arent real,,81.0,,,2025-06-10T19:48:08.106743,showdown,ladder/gen9monotype
ladder,gen9monotype,drogonion,,74.7,,,2025-06-10T19:48:08.106743,showdown,ladder/gen9monotype
ladder,gen9monotype,Jahkem,,81.8,,,2025-06-10T19:48:08.106743,showdown,ladder/gen9monotype
ladder,gen9monotype,freezegame,,72.8,,,2025-06-10T19:48:08.106743,showdown,ladder/gen9monotype
ladder,gen9monotype,Mastophobia,,78.6,,,2025-06-10T19:48:08.106743,showdown,ladder/gen9monotype
ladder,gen9monotype,WARIOROFLIBERATION,,79.2,,,2025-06-10T19:48:08.106743,showdown,ladder/gen9monotype
ladder,gen9monotype,birderking,,90.4,,,2025-06-10T19:48:08.106743,showdown,ladder/gen9monotype
ladder,gen9monotype,XYZ,,75.3,,,2025-06-10T19:48:08.106743,showdown,ladder/gen9monotype
ladder,gen9monotype,MegaSylveon129,,80.8,,,2025-06-10T19:48:08.106743,showdown,ladder/gen9monotype
ladder,gen9monotype,MLTSD uzzler,,78.5,,,2025-06-10T19:48:08.106743,showdown,ladder/gen9monotype
ladder,gen9monotype,MLTZA1 Maverick,,81.5,,,2025-06-10T19:48:08.106743,showdown,ladder/gen9monotype
ladder,gen9monotype,FLO3 Fent,,80.8,,,2025-06-10T19:48:08.106743,showdown,ladder/gen9monotype
ladder,gen9monotype,BAXSD9Fraud,,85.1,,,2025-06-10T19:48:08.106743,showdown,ladder/gen9monotype
ladder,gen9monotype,GKIves,,74.7,,,2025-06-10T19:48:08.106743,showdown,ladder/gen9monotype
ladder,gen9monotype,lax ond mi mimi,,77.3,,,2025-06-10T19:48:08.106743,showdown,ladder/gen9monotype
ladder,gen9monotype,carbink rae jepsen,,85.7,,,2025-06-10T19:48:08.106743,showdown,ladder/gen9monotype
ladder,gen9monotype,tomasbram,,70.6,,,2025-06-10T19:48:08.106743,showdown,ladder/gen9monotype
ladder,gen9monotype,MLTZA1 Flood,,79.7,,,2025-06-10T19:48:08.106743,showdown,ladder/gen9monotype
ladder,gen9monotype,Max E Verstappen,,86.0,,,2025-06-10T19:48:08.106743,showdown,ladder/gen9monotype
ladder,gen9monotype,Quag lover,,86.5,,,2025-06-10T19:48:08.106743,showdown,ladder/gen9monotype
ladder,gen9nu,CoinHeaven,,84.6,,,2025-06-10T19:48:08.106743,showdown,ladder/gen9nu
ladder,gen9nu,milliongatejumpguy,,84.8,,,2025-06-10T19:48:08.106743,showdown,ladder/gen9nu
ladder,gen9nu,loom25,,82.3,,,2025-06-10T19:48:08.106743,showdown,ladder/gen9nu
ladder,gen9nu,Jeromy gride,,83.7,,,2025-06-10T19:48:08.106743,showdown,ladder/gen9nu
ladder,gen9nu,Havertz9,,81.8,,,2025-06-10T19:48:08.106743,showdown,ladder/gen9nu
ladder,gen9nu,nujs p,,88.2,,,2025-06-10T19:48:08.106743,showdown,ladder/gen9nu
ladder,gen9nu,WingsofFreedom6,,86.0,,,2025-06-10T19:48:08.106743,showdown,ladder/gen9nu
ladder,gen9nu,bellibolt_gaming25,,78.9,,,2025-06-10T19:48:08.106743,showdown,ladder/gen9nu
ladder,gen9nu,Gimlegara,,81.2,,,2025-06-10T19:48:08.106743,showdown,ladder/gen9nu
ladder,gen9nu,lailai223,,88.6,,,2025-06-10T19:48:08.106743,showdown,ladder/gen9nu
ladder,gen9nu,PepeDuce,,82.4,,,2025-06-10T19:48:08.106743,showdown,ladder/gen9nu
ladder,gen9nu,urusai baaka,,83.0,,,2025-06-10T19:48:08.106743,showdown,ladder/gen9nu
ladder,gen9nu,EMT EMILIA TAN,,80.1,,,2025-06-10T19:48:08.106743,showdown,ladder/gen9nu
ladder,gen9nu,randpokemahyem,,87.7,,,2025-06-10T19:48:08.106743,showdown,ladder/gen9nu
ladder,gen9nu,Diamonds_realm,,85.0,,,2025-06-10T19:48:08.106743,showdown,ladder/gen9nu
ladder,gen9nu,NBA HOOPA,,84.2,,,2025-06-10T19:48:08.106743,showdown,ladder/gen9nu
ladder,gen9nu,nnujsp,,89.3,,,2025-06-10T19:48:08.106743,showdown,ladder/gen9nu
ladder,gen9nu,ClawitzerFan7,,87.1,,,2025-06-10T19:48:08.106743,showdown,ladder/gen9nu
ladder,gen9nu,anditwasallyellow,,77.3,,,2025-06-10T19:48:08.106743,showdown,ladder/gen9nu
ladder,gen9nu,FOR DEMACIAAAAA,,79.8,,,2025-06-10T19:48:08.106743,showdown,ladder/gen9nu
ladder,gen9nu,i<3bea,,81.7,,,2025-06-10T19:48:08.106743,showdown,ladder/gen9nu
ladder,gen9nu,SleepinNSnorlaxin',,83.1,,,2025-06-10T19:48:08.106743,showdown,ladder/gen9nu
ladder,gen9nu,mustard ui goku,,84.0,,,2025-06-10T19:48:08.106743,showdown,ladder/gen9nu
ladder,gen9nu,rik,,85.3,,,2025-06-10T19:48:08.106743,showdown,ladder/gen9nu
ladder,gen9nu,Madinina,,86.4,,,2025-06-10T19:48:08.106743,showdown,ladder/gen9nu
ladder,gen9nu,the walker of time,,75.4,,,2025-06-10T19:48:08.106743,showdown,ladder/gen9nu
ladder,gen9nu,rezalb,,75.7,,,2025-06-10T19:48:08.106743,showdown,ladder/gen9nu
ladder,gen9nu,khachapuri,,78.7,,,2025-06-10T19:48:08.106743,showdown,ladder/gen9nu
ladder,gen9nu,Astra✷Zyderia,,79.9,,,2025-06-10T19:48:08.106743,showdown,ladder/gen9nu
ladder,gen9nu,youngbot,,81.6,,,2025-06-10T19:48:08.106743,showdown,ladder/gen9nu
ladder,gen9nu,boscanova,,84.1,,,2025-06-10T19:48:08.106743,showdown,ladder/gen9nu
ladder,gen9nu,brickasaurus rex,,76.9,,,2025-06-10T19:48:08.106743,showdown,ladder/gen9nu
ladder,gen9nu,poh,,77.8,,,2025-06-10T19:48:08.106743,showdown,ladder/gen9nu
ladder,gen9nu,modq,,87.5,,,2025-06-10T19:48:08.106743,showdown,ladder/gen9nu
ladder,gen9nu,PepitoTek54,,86.0,,,2025-06-10T19:48:08.106743,showdown,ladder/gen9nu
ladder,gen9nu,eppini,,81.7,,,2025-06-10T19:48:08.106743,showdown,ladder/gen9nu
ladder,gen9nu,ellaine kay!!,,81.2,,,2025-06-10T19:48:08.106743,showdown,ladder/gen9nu
ladder,gen9nu,JustOut459,,80.4,,,2025-06-10T19:48:08.106743,showdown,ladder/gen9nu
ladder,gen9nu,koopa003,,77.1,,,2025-06-10T19:48:08.106743,showdown,ladder/gen9nu
ladder,gen9nu,zondagskind,,83.5,,,2025-06-10T19:48:08.106743,showdown,ladder/gen9nu
ladder,gen9nu,FlatEarth2070,,81.1,,,2025-06-10T19:48:08.106743,showdown,ladder/gen9nu
ladder,gen9nu,pult1mg brick,,75.1,,,2025-06-10T19:48:08.106743,showdown,ladder/gen9nu
ladder,gen9nu,stories,,78.3,,,2025-06-10T19:48:08.106743,showdown,ladder/gen9nu
ladder,gen9nu,SonicRulz,,76.6,,,2025-06-10T19:48:08.106743,showdown,ladder/gen9nu
ladder,gen9nu,ReturnOfTheDon,,81.1,,,2025-06-10T19:48:08.106743,showdown,ladder/gen9nu
ladder,gen9nu,Mienshaocopium3,,69.7,,,2025-06-10T19:48:08.106743,showdown,ladder/gen9nu
ladder,gen9nu,riggedpz,,81.7,,,2025-06-10T19:48:08.106743,showdown,ladder/gen9nu
ladder,gen9nu,second blast,,76.7,,,2025-06-10T19:48:08.106743,showdown,ladder/gen9nu
ladder,gen9nu,mqdo,,79.0,,,2025-06-10T19:48:08.106743,showdown,ladder/gen9nu
ladder,gen9nu,mspqlaz,,80.4,,,2025-06-10T19:48:08.106743,showdown,ladder/gen9nu
ladder,gen9ubers,Bananas12op,,86.8,,,2025-06-10T19:48:08.106743,showdown,ladder/gen9ubers
ladder,gen9ubers,i ❤️ gangu,,88.0,,,2025-06-10T19:48:08.106743,showdown,ladder/gen9ubers
ladder,gen9ubers,456457478y,,91.5,,,2025-06-10T19:48:08.106743,showdown,ladder/gen9ubers
ladder,gen9ubers,gxgxgx,,86.4,,,2025-06-10T19:48:08.106743,showdown,ladder/gen9ubers
ladder,gen9ubers,Pokemh,,93.3,,,2025-06-10T19:48:08.106743,showdown,ladder/gen9ubers
ladder,gen9ubers,Freeroamer,,90.9,,,2025-06-10T19:48:08.106743,showdown,ladder/gen9ubers
ladder,gen9ubers,always predicted,,89.2,,,2025-06-10T19:48:08.106743,showdown,ladder/gen9ubers
ladder,gen9ubers,UBDG POURQUOI,,93.1,,,2025-06-10T19:48:08.106743,showdown,ladder/gen9ubers
ladder,gen9ubers,Suzuya,,88.4,,,2025-06-10T19:48:08.106743,showdown,ladder/gen9ubers
ladder,gen9ubers,Corvi01,,86.7,,,2025-06-10T19:48:08.106743,showdown,ladder/gen9ubers
ladder,gen9ubers,alt0408,,88.8,,,2025-06-10T19:48:08.106743,showdown,ladder/gen9ubers
ladder,gen9ubers,Heure Joyeuse,,87.0,,,2025-06-10T19:48:08.106743,showdown,ladder/gen9ubers
ladder,gen9ubers,willyng,,88.8,,,2025-06-10T19:48:08.106743,showdown,ladder/gen9ubers
ladder,gen9ubers,dog mendigoso,,87.4,,,2025-06-10T19:48:08.106743,showdown,ladder/gen9ubers
ladder,gen9ubers,MRH1106,,84.6,,,2025-06-10T19:48:08.106743,showdown,ladder/gen9ubers
ladder,gen9ubers,wishdban,,86.4,,,2025-06-10T19:48:08.106743,showdown,ladder/gen9ubers
ladder,gen9ubers,Bsuuuu,,90.2,,,2025-06-10T19:48:08.106743,showdown,ladder/gen9ubers
ladder,gen9ubers,Celeste,,85.6,,,2025-06-10T19:48:08.106743,showdown,ladder/gen9ubers
ladder,gen9ubers,TheBhoy,,84.6,,,2025-06-10T19:48:08.106743,showdown,ladder/gen9ubers
ladder,gen9ubers,tiktok rizzler,,93.1,,,2025-06-10T19:48:08.106743,showdown,ladder/gen9ubers
ladder,gen9ubers,Future king of ou,,83.0,,,2025-06-10T19:48:08.106743,showdown,ladder/gen9ubers
ladder,gen9ubers,astrell,,85.3,,,2025-06-10T19:48:08.106743,showdown,ladder/gen9ubers
ladder,gen9ubers,neptune732,,86.4,,,2025-06-10T19:48:08.106743,showdown,ladder/gen9ubers
ladder,gen9ubers,4nim0sity 99.9999%,,88.1,,,2025-06-10T19:48:08.106743,showdown,ladder/gen9ubers
ladder,gen9ubers,charjabugfan,,88.8,,,2025-06-10T19:48:08.106743,showdown,ladder/gen9ubers
ladder,gen9ubers,GentleDnite,,86.4,,,2025-06-10T19:48:08.106743,showdown,ladder/gen9ubers
ladder,gen9ubers,galactictraveler26,,89.0,,,2025-06-10T19:48:08.106743,showdown,ladder/gen9ubers
ladder,gen9ubers,Hack Walters,,91.3,,,2025-06-10T19:48:08.106743,showdown,ladder/gen9ubers
ladder,gen9ubers,S3ight of the sun,,89.4,,,2025-06-10T19:48:08.106743,showdown,ladder/gen9ubers
ladder,gen9ubers,ironbozo,,92.3,,,2025-06-10T19:48:08.106743,showdown,ladder/gen9ubers
ladder,gen9ubers,Dark Aria,,87.5,,,2025-06-10T19:48:08.106743,showdown,ladder/gen9ubers
ladder,gen9ubers,rhueuwhwhw,,88.1,,,2025-06-10T19:48:08.106743,showdown,ladder/gen9ubers
ladder,gen9ubers,Kanawha,,84.7,,,2025-06-10T19:48:08.106743,showdown,ladder/gen9ubers
ladder,gen9ubers,alekxbr,,83.3,,,2025-06-10T19:48:08.106743,showdown,ladder/gen9ubers
ladder,gen9ubers,Ralsei Hatty ^°^,,78.3,,,2025-06-10T19:48:08.106743,showdown,ladder/gen9ubers
ladder,gen9ubers,omoeirf,,82.8,,,2025-06-10T19:48:08.106743,showdown,ladder/gen9ubers
ladder,gen9ubers,Thajester,,82.2,,,2025-06-10T19:48:08.106743,showdown,ladder/gen9ubers
ladder,gen9ubers,mystigen,,84.9,,,2025-06-10T19:48:08.106743,showdown,ladder/gen9ubers
ladder,gen9ubers,ishbosheth iv,,89.8,,,2025-06-10T19:48:08.106743,showdown,ladder/gen9ubers
ladder,gen9ubers,Lasen,,86.4,,,2025-06-10T19:48:08.106743,showdown,ladder/gen9ubers
ladder,gen9ubers,fildrongproplayer,,83.0,,,2025-06-10T19:48:08.106743,showdown,ladder/gen9ubers
ladder,gen9ubers,hjuyttdd,,89.1,,,2025-06-10T19:48:08.106743,showdown,ladder/gen9ubers
ladder,gen9ubers,Taxi Jo,,84.8,,,2025-06-10T19:48:08.106743,showdown,ladder/gen9ubers
ladder,gen9ubers,stellarceus,,87.9,,,2025-06-10T19:48:08.106743,showdown,ladder/gen9ubers
ladder,gen9ubers,gregoreturns,,81.9,,,2025-06-10T19:48:08.106743,showdown,ladder/gen9ubers
ladder,gen9ubers,Acting Male,,81.1,,,2025-06-10T19:48:08.106743,showdown,ladder/gen9ubers
ladder,gen9ubers,Von mjrn,,82.4,,,2025-06-10T19:48:08.106743,showdown,ladder/gen9ubers
ladder,gen9ubers,GNovaGalaxy,,88.5,,,2025-06-10T19:48:08.106743,showdown,ladder/gen9ubers
ladder,gen9ubers,AthenaStrive9,,86.2,,,2025-06-10T19:48:08.106743,showdown,ladder/gen9ubers
ladder,gen9ubers,for time changes,,88.3,,,2025-06-10T19:48:08.106743,showdown,ladder/gen9ubers
ladder,gen9nu,Joshua12343,,82.3,,,2025-06-10T19:48:08.106743,showdown,ladder/gen9nu
ladder,gen9nu,ADASDASDASDSAD,,69.5,,,2025-06-10T19:48:08.106743,showdown,ladder/gen9nu
ladder,gen9nu,Speed_Aqua,,82.7,,,2025-06-10T19:48:08.106743,showdown,ladder/gen9nu
ladder,gen9nu,volcanionisgrand,,75.6,,,2025-06-10T19:48:08.106743,showdown,ladder/gen9nu
ladder,gen9nu,Shadow0709,,85.6,,,2025-06-10T19:48:08.106743,showdown,ladder/gen9nu
ladder,gen9nu,NBT Victim,,77.8,,,2025-06-10T19:48:08.106743,showdown,ladder/gen9nu
ladder,gen9nu,3D&Chemicals,,86.1,,,2025-06-10T19:48:08.106743,showdown,ladder/gen9nu
ladder,gen9nu,bae fakemon,,77.9,,,2025-06-10T19:48:08.106743,showdown,ladder/gen9nu
ladder,gen9nu,tolduitsstall,,84.4,,,2025-06-10T19:48:08.106743,showdown,ladder/gen9nu
ladder,gen9nu,Bramblegeist,,81.5,,,2025-06-10T19:48:08.106743,showdown,ladder/gen9nu
ladder,gen9nu,mdqo,,85.4,,,2025-06-10T19:48:08.106743,showdown,ladder/gen9nu
ladder,gen9nu,2025isnotmyyear,,78.5,,,2025-06-10T19:48:08.106743,showdown,ladder/gen9nu
ladder,gen9nu,battling professor,,72.0,,,2025-06-10T19:48:08.106743,showdown,ladder/gen9nu
ladder,gen9nu,Stuckin2024,,79.9,,,2025-06-10T19:48:08.106743,showdown,ladder/gen9nu
ladder,gen9nu,SHENBT,,83.7,,,2025-06-10T19:48:08.106743,showdown,ladder/gen9nu
ladder,gen9nu,Suuuuper Craig,,73.9,,,2025-06-10T19:48:08.106743,showdown,ladder/gen9nu
ladder,gen9nu,HavingABlast,,70.5,,,2025-06-10T19:48:08.106743,showdown,ladder/gen9nu
ladder,gen9nu,still in luv,,83.7,,,2025-06-10T19:48:08.106743,showdown,ladder/gen9nu
ladder,gen9nu,m3p0,,74.4,,,2025-06-10T19:48:08.106743,showdown,ladder/gen9nu
ladder,gen9nu,The Bog Body,,80.8,,,2025-06-10T19:48:08.106743,showdown,ladder/gen9nu
ladder,gen9nu,esteb1n,,84.3,,,2025-06-10T19:48:08.106743,showdown,ladder/gen9nu
ladder,gen9nu,randpokedrihem,,81.1,,,2025-06-10T19:48:08.106743,showdown,ladder/gen9nu
ladder,gen9nu,wqopisua,,82.7,,,2025-06-10T19:48:08.106743,showdown,ladder/gen9nu
ladder,gen9nu,samhauserfanclub,,80.5,,,2025-06-10T19:48:08.106743,showdown,ladder/gen9nu
ladder,gen9nu,ilkist,,71.7,,,2025-06-10T19:48:08.106743,showdown,ladder/gen9nu
ladder,gen9nu,Imuststeelmyself,,80.2,,,2025-06-10T19:48:08.106743,showdown,ladder/gen9nu
ladder,gen9nu,frosmothfan421,,80.2,,,2025-06-10T19:48:08.106743,showdown,ladder/gen9nu
ladder,gen9nu,Mienshaocopium,,76.9,,,2025-06-10T19:48:08.106743,showdown,ladder/gen9nu
ladder,gen9nu,winter$torm,,84.0,,,2025-06-10T19:48:08.106743,showdown,ladder/gen9nu
ladder,gen9nu,Kman343,,77.2,,,2025-06-10T19:48:08.106743,showdown,ladder/gen9nu
ladder,gen9nu,le monke gal,,80.8,,,2025-06-10T19:48:08.106743,showdown,ladder/gen9nu
ladder,gen9nu,Bramble Scramble,,76.9,,,2025-06-10T19:48:08.106743,showdown,ladder/gen9nu
ladder,gen9nu,MysticMesmeralda,,80.6,,,2025-06-10T19:48:08.106743,showdown,ladder/gen9nu
ladder,gen9nu,flamigofan420,,81.6,,,2025-06-10T19:48:08.106743,showdown,ladder/gen9nu
ladder,gen9nu,chloe,,82.5,,,2025-06-10T19:48:08.106743,showdown,ladder/gen9nu
ladder,gen9nu,TrapKingRD,,76.9,,,2025-06-10T19:48:08.106743,showdown,ladder/gen9nu
ladder,gen9nu,wamko is balls,,81.5,,,2025-06-10T19:48:08.106743,showdown,ladder/gen9nu
ladder,gen9nu,Justice CarDozo,,72.1,,,2025-06-10T19:48:08.106743,showdown,ladder/gen9nu
ladder,gen9nu,zuzhouduimian,,84.1,,,2025-06-10T19:48:08.106743,showdown,ladder/gen9nu
ladder,gen9nu,rdpoke,,85.3,,,2025-06-10T19:48:08.106743,showdown,ladder/gen9nu
ladder,gen9nu,MenFhis,,74.4,,,2025-06-10T19:48:08.106743,showdown,ladder/gen9nu
ladder,gen9nu,410ed,,82.6,,,2025-06-10T19:48:08.106743,showdown,ladder/gen9nu
ladder,gen9nu,toraflora!,,78.2,,,2025-06-10T19:48:08.106743,showdown,ladder/gen9nu
ladder,gen9nu,randpokewebs,,81.4,,,2025-06-10T19:48:08.106743,showdown,ladder/gen9nu
ladder,gen9nu,ChandosH,,79.8,,,2025-06-10T19:48:08.106743,showdown,ladder/gen9nu
ladder,gen9nu,windcheeser,,83.2,,,2025-06-10T19:48:08.106743,showdown,ladder/gen9nu
ladder,gen9nu,DDD Reveal,,79.8,,,2025-06-10T19:48:08.106743,showdown,ladder/gen9nu
ladder,gen9nu,unown user 73,,78.4,,,2025-06-10T19:48:08.106743,showdown,ladder/gen9nu
ladder,gen9nu,toldu392,,81.1,,,2025-06-10T19:48:08.106743,showdown,ladder/gen9nu
ladder,gen9nu,lronDeceiver,,84.0,,,2025-06-10T19:48:08.106743,showdown,ladder/gen9nu
ladder,gen9ru,jessyboris2712,,77.5,,,2025-06-10T19:48:08.106743,showdown,ladder/gen9ru
ladder,gen9ru,RULT50D Hareng,,83.3,,,2025-06-10T19:48:08.106743,showdown,ladder/gen9ru
ladder,gen9ru,LoSconosciuto,,86.5,,,2025-06-10T19:48:08.106743,showdown,ladder/gen9ru
ladder,gen9ru,pls play scl loser,,84.7,,,2025-06-10T19:48:08.106743,showdown,ladder/gen9ru
ladder,gen9ru,bigbootysw,,79.6,,,2025-06-10T19:48:08.106743,showdown,ladder/gen9ru
ladder,gen9ru,Protalithic,,78.3,,,2025-06-10T19:48:08.106743,showdown,ladder/gen9ru
ladder,gen9ru,AestheticsDavid,,79.0,,,2025-06-10T19:48:08.106743,showdown,ladder/gen9ru
ladder,gen9ru,Severalwriter,,85.3,,,2025-06-10T19:48:08.106743,showdown,ladder/gen9ru
ladder,gen9ru,CALMOCOBRA,,80.3,,,2025-06-10T19:48:08.106743,showdown,ladder/gen9ru
ladder,gen9ru,duck deluxe,,81.9,,,2025-06-10T19:48:08.106743,showdown,ladder/gen9ru
ladder,gen9ru,shadowsneakhd,,88.7,,,2025-06-10T19:48:08.106743,showdown,ladder/gen9ru
ladder,gen9ru,RULT85A hjkhj,,79.9,,,2025-06-10T19:48:08.106743,showdown,ladder/gen9ru
ladder,gen9ru,bee lamp,,76.8,,,2025-06-10T19:48:08.106743,showdown,ladder/gen9ru
ladder,gen9ru,frbsfb,,77.4,,,2025-06-10T19:48:08.106743,showdown,ladder/gen9ru
ladder,gen9ru,feufie,,82.5,,,2025-06-10T19:48:08.106743,showdown,ladder/gen9ru
ladder,gen9ru,brolaire,,83.5,,,2025-06-10T19:48:08.106743,showdown,ladder/gen9ru
ladder,gen9ru,ruistralno,,83.4,,,2025-06-10T19:48:08.106743,showdown,ladder/gen9ru
ladder,gen9ru,woodsvs,,79.3,,,2025-06-10T19:48:08.106743,showdown,ladder/gen9ru
ladder,gen9ru,bggggm,,86.4,,,2025-06-10T19:48:08.106743,showdown,ladder/gen9ru
ladder,gen9ru,Sneakyplanner,,81.2,,,2025-06-10T19:48:08.106743,showdown,ladder/gen9ru
ladder,gen9ru,plz come back time,,80.9,,,2025-06-10T19:48:08.106743,showdown,ladder/gen9ru
ladder,gen9ru,Miojo,,80.9,,,2025-06-10T19:48:08.106743,showdown,ladder/gen9ru
ladder,gen9ru,Sir Altr,,83.0,,,2025-06-10T19:48:08.106743,showdown,ladder/gen9ru
ladder,gen9ru,doorknob72,,84.9,,,2025-06-10T19:48:08.106743,showdown,ladder/gen9ru
ladder,gen9ru,deez nuzt,,84.3,,,2025-06-10T19:48:08.106743,showdown,ladder/gen9ru
ladder,gen9ru,Heatranator,,78.2,,,2025-06-10T19:48:08.106743,showdown,ladder/gen9ru
ladder,gen9ru,Umbra Soul,,74.5,,,2025-06-10T19:48:08.106743,showdown,ladder/gen9ru
ladder,gen9ru,Daharan0,,79.6,,,2025-06-10T19:48:08.106743,showdown,ladder/gen9ru
ladder,gen9ru,RU leaving,,81.2,,,2025-06-10T19:48:08.106743,showdown,ladder/gen9ru
ladder,gen9ru,backwardmuk,,79.0,,,2025-06-10T19:48:08.106743,showdown,ladder/gen9ru
ladder,gen9ru,gleemchild123,,70.9,,,2025-06-10T19:48:08.106743,showdown,ladder/gen9ru
ladder,gen9ru,da hareng,,84.0,,,2025-06-10T19:48:08.106743,showdown,ladder/gen9ru
ladder,gen9ru,jokiiniemi,,72.1,,,2025-06-10T19:48:08.106743,showdown,ladder/gen9ru
ladder,gen9ru,littensalt,,83.0,,,2025-06-10T19:48:08.106743,showdown,ladder/gen9ru
ladder,gen9ru,ArmaShouldBBanned,,82.0,,,2025-06-10T19:48:08.106743,showdown,ladder/gen9ru
ladder,gen9ru,gigaprodu92,,83.1,,,2025-06-10T19:48:08.106743,showdown,ladder/gen9ru
ladder,gen9ru,scouterman,,80.0,,,2025-06-10T19:48:08.106743,showdown,ladder/gen9ru
ladder,gen9ru,Veeeeeeoz,,85.8,,,2025-06-10T19:48:08.106743,showdown,ladder/gen9ru
ladder,gen9ru,creature comforts,,73.3,,,2025-06-10T19:48:08.106743,showdown,ladder/gen9ru
ladder,gen9ru,SirFresh,,73.9,,,2025-06-10T19:48:08.106743,showdown,ladder/gen9ru
ladder,gen9ru,au revoir soshanna,,85.9,,,2025-06-10T19:48:08.106743,showdown,ladder/gen9ru
ladder,gen9ru,titiechecs,,66.9,,,2025-06-10T19:48:08.106743,showdown,ladder/gen9ru
ladder,gen9ru,RULT85Canard,,80.4,,,2025-06-10T19:48:08.106743,showdown,ladder/gen9ru
ladder,gen9ru,stale regi,,80.7,,,2025-06-10T19:48:08.106743,showdown,ladder/gen9ru
ladder,gen9ru,j!whan,,77.3,,,2025-06-10T19:48:08.106743,showdown,ladder/gen9ru
ladder,gen9ru,Ermacro,,65.5,,,2025-06-10T19:48:08.106743,showdown,ladder/gen9ru
ladder,gen9ru,no fun no life,,80.5,,,2025-06-10T19:48:08.106743,showdown,ladder/gen9ru
ladder,gen9ru,MorbinFrFr,,79.0,,,2025-06-10T19:48:08.106743,showdown,ladder/gen9ru
ladder,gen9ru,rblt ryo,,68.7,,,2025-06-10T19:48:08.106743,showdown,ladder/gen9ru
ladder,gen9ru,yanmega gaming,,80.5,,,2025-06-10T19:48:08.106743,showdown,ladder/gen9ru
ladder,gen9ou,Auburn Hills,,77.4,,,2025-06-10T19:48:08.106743,showdown,ladder/gen9ou
ladder,gen9ou,AlwaysAgon,,73.2,,,2025-06-10T19:48:08.106743,showdown,ladder/gen9ou
ladder,gen9ou,ouzqc,,86.2,,,2025-06-10T19:48:08.106743,showdown,ladder/gen9ou
ladder,gen9ou,skiing in japan,,83.5,,,2025-06-10T19:48:08.106743,showdown,ladder/gen9ou
ladder,gen9ou,this bullshit,,80.7,,,2025-06-10T19:48:08.106743,showdown,ladder/gen9ou
ladder,gen9ou,Linzi the Great,,81.6,,,2025-06-10T19:48:08.106743,showdown,ladder/gen9ou
ladder,gen9ou,Light WeirdTests,,83.5,,,2025-06-10T19:48:08.106743,showdown,ladder/gen9ou
ladder,gen9ou,MRH1106,,76.1,,,2025-06-10T19:48:08.106743,showdown,ladder/gen9ou
ladder,gen9ou,severalwriter,,82.5,,,2025-06-10T19:48:08.106743,showdown,ladder/gen9ou
ladder,gen9ou,Floor 99,,87.1,,,2025-06-10T19:48:08.106743,showdown,ladder/gen9ou
ladder,gen9ou,boy dinner,,87.2,,,2025-06-10T19:48:08.106743,showdown,ladder/gen9ou
ladder,gen9ou,the bluest blues,,84.9,,,2025-06-10T19:48:08.106743,showdown,ladder/gen9ou
ladder,gen9ou,devildream,,81.6,,,2025-06-10T19:48:08.106743,showdown,ladder/gen9ou
ladder,gen9ou,CYC0320,,81.3,,,2025-06-10T19:48:08.106743,showdown,ladder/gen9ou
ladder,gen9ou,Gourmet26,,81.5,,,2025-06-10T19:48:08.106743,showdown,ladder/gen9ou
ladder,gen9ou,Free P&lestine,,78.6,,,2025-06-10T19:48:08.106743,showdown,ladder/gen9ou
ladder,gen9ou,BlackStar150520,,79.4,,,2025-06-10T19:48:08.106743,showdown,ladder/gen9ou
ladder,gen9ou,Washed Gamer,,81.9,,,2025-06-10T19:48:08.106743,showdown,ladder/gen9ou
ladder,gen9ou,freebobby2020,,83.8,,,2025-06-10T19:48:08.106743,showdown,ladder/gen9ou
ladder,gen9ou,Asia's Redemption,,85.4,,,2025-06-10T19:48:08.106743,showdown,ladder/gen9ou
ladder,gen9ou,its for me ma,,77.6,,,2025-06-10T19:48:08.106743,showdown,ladder/gen9ou
ladder,gen9ou,nujsp,,83.4,,,2025-06-10T19:48:08.106743,showdown,ladder/gen9ou
ladder,gen9ou,heat is heatin,,80.0,,,2025-06-10T19:48:08.106743,showdown,ladder/gen9ou
ladder,gen9ou,NewRedemptioin,,77.2,,,2025-06-10T19:48:08.106743,showdown,ladder/gen9ou
ladder,gen9ou,Kin1,,77.7,,,2025-06-10T19:48:08.106743,showdown,ladder/gen9ou
ladder,gen9ou,toy soulja,,79.6,,,2025-06-10T19:48:08.106743,showdown,ladder/gen9ou
ladder,gen9ou,luisin,,78.8,,,2025-06-10T19:48:08.106743,showdown,ladder/gen9ou
ladder,gen9ou,FaronAan,,81.7,,,2025-06-10T19:48:08.106743,showdown,ladder/gen9ou
ladder,gen9ou,Light SV,,81.2,,,2025-06-10T19:48:08.106743,showdown,ladder/gen9ou
ladder,gen9ou,Strengthen201,,74.6,,,2025-06-10T19:48:08.106743,showdown,ladder/gen9ou
ladder,gen9ou,Dubilose,,75.6,,,2025-06-10T19:48:08.106743,showdown,ladder/gen9ou
ladder,gen9ou,Justified AU,,84.9,,,2025-06-10T19:48:08.106743,showdown,ladder/gen9ou
ladder,gen9ou,OUZ Quavo,,86.6,,,2025-06-10T19:48:08.106743,showdown,ladder/gen9ou
ladder,gen9ou,Pichiu,,85.8,,,2025-06-10T19:48:08.106743,showdown,ladder/gen9ou
ladder,gen9ou,cryyysneasel,,82.5,,,2025-06-10T19:48:08.106743,showdown,ladder/gen9ou
ladder,gen9ou,SNOWY HELL,,81.5,,,2025-06-10T19:48:08.106743,showdown,ladder/gen9ou
ladder,gen9ou,limitless dreams,,84.3,,,2025-06-10T19:48:08.106743,showdown,ladder/gen9ou
ladder,gen9ou,rare artist pyrex,,81.0,,,2025-06-10T19:48:08.106743,showdown,ladder/gen9ou
ladder,gen9ou,Pudistor Black,,78.9,,,2025-06-10T19:48:08.106743,showdown,ladder/gen9ou
ladder,gen9ou,chansey and lulu,,83.3,,,2025-06-10T19:48:08.106743,showdown,ladder/gen9ou
ladder,gen9ou,go0bed,,80.8,,,2025-06-10T19:48:08.106743,showdown,ladder/gen9ou
ladder,gen9ou,kshuaib734,,78.6,,,2025-06-10T19:48:08.106743,showdown,ladder/gen9ou
ladder,gen9ou,ThatsMyHorsea,,79.5,,,2025-06-10T19:48:08.106743,showdown,ladder/gen9ou
ladder,gen9ou,bakedbeans88,,84.8,,,2025-06-10T19:48:08.106743,showdown,ladder/gen9ou
ladder,gen9ou,ough bliss,,80.2,,,2025-06-10T19:48:08.106743,showdown,ladder/gen9ou
ladder,gen9ou,dawn dreams,,77.9,,,2025-06-10T19:48:08.106743,showdown,ladder/gen9ou
ladder,gen9ou,blimaxdoesntpostLs,,78.6,,,2025-06-10T19:48:08.106743,showdown,ladder/gen9ou
ladder,gen9ou,jacksonjack,,81.2,,,2025-06-10T19:48:08.106743,showdown,ladder/gen9ou
ladder,gen9ou,Osiris & Seth,,81.4,,,2025-06-10T19:48:08.106743,showdown,ladder/gen9ou
ladder,gen9ou,XV Laser,,85.4,,,2025-06-10T19:48:08.106743,showdown,ladder/gen9ou
ladder,gen9uu,DKD Of Salvation,,82.3,,,2025-06-10T19:48:08.106743,showdown,ladder/gen9uu
ladder,gen9uu,UU25KE m,,86.7,,,2025-06-10T19:48:08.106743,showdown,ladder/gen9uu
ladder,gen9uu,Stardust Fall,,86.0,,,2025-06-10T19:48:08.106743,showdown,ladder/gen9uu
ladder,gen9uu,Monotype Kiki,,84.8,,,2025-06-10T19:48:08.106743,showdown,ladder/gen9uu
ladder,gen9uu,UU25KE Cans,,76.6,,,2025-06-10T19:48:08.106743,showdown,ladder/gen9uu
ladder,gen9uu,Goro Yagami D,,84.5,,,2025-06-10T19:48:08.106743,showdown,ladder/gen9uu
ladder,gen9uu,Peum,,80.9,,,2025-06-10T19:48:08.106743,showdown,ladder/gen9uu
ladder,gen9uu,MegaStar54,,81.3,,,2025-06-10T19:48:08.106743,showdown,ladder/gen9uu
ladder,gen9uu,cantlivewithoutit,,80.3,,,2025-06-10T19:48:08.106743,showdown,ladder/gen9uu
ladder,gen9uu,wintminter,,82.0,,,2025-06-10T19:48:08.106743,showdown,ladder/gen9uu
ladder,gen9uu,EM57,,79.5,,,2025-06-10T19:48:08.106743,showdown,ladder/gen9uu
ladder,gen9uu,Jakkkkkka,,71.7,,,2025-06-10T19:48:08.106743,showdown,ladder/gen9uu
ladder,gen9uu,uu thinks,,86.4,,,2025-06-10T19:48:08.106743,showdown,ladder/gen9uu
ladder,gen9uu,nigeiwoguolai,,85.2,,,2025-06-10T19:48:08.106743,showdown,ladder/gen9uu
ladder,gen9uu,sinoquieresno,,78.6,,,2025-06-10T19:48:08.106743,showdown,ladder/gen9uu
ladder,gen9uu,Persona111,,78.9,,,2025-06-10T19:48:08.106743,showdown,ladder/gen9uu
ladder,gen9uu,steelix is glass,,81.5,,,2025-06-10T19:48:08.106743,showdown,ladder/gen9uu
ladder,gen9uu,Bhartes,,85.6,,,2025-06-10T19:48:08.106743,showdown,ladder/gen9uu
ladder,gen9uu,Aislinn,,91.0,,,2025-06-10T19:48:08.106743,showdown,ladder/gen9uu
ladder,gen9uu,the bestie,,87.1,,,2025-06-10T19:48:08.106743,showdown,ladder/gen9uu
ladder,gen9uu,dog mendigoso,,78.7,,,2025-06-10T19:48:08.106743,showdown,ladder/gen9uu
ladder,gen9uu,thecoolermimilucha,,79.7,,,2025-06-10T19:48:08.106743,showdown,ladder/gen9uu
ladder,gen9uu,torterralover02,,82.5,,,2025-06-10T19:48:08.106743,showdown,ladder/gen9uu
ladder,gen9uu,Round 63,,82.6,,,2025-06-10T19:48:08.106743,showdown,ladder/gen9uu
ladder,gen9uu,AliceinParis,,81.3,,,2025-06-10T19:48:08.106743,showdown,ladder/gen9uu
ladder,gen9uu,UU25XI FFuob,,78.2,,,2025-06-10T19:48:08.106743,showdown,ladder/gen9uu
ladder,gen9uu,IcedSalmon,,78.4,,,2025-06-10T19:48:08.106743,showdown,ladder/gen9uu
ladder,gen9uu,UU25KE lulu,,84.1,,,2025-06-10T19:48:08.106743,showdown,ladder/gen9uu
ladder,gen9uu,Sophia waseda,,77.4,,,2025-06-10T19:48:08.106743,showdown,ladder/gen9uu
ladder,gen9uu,Neutralist,,82.5,,,2025-06-10T19:48:08.106743,showdown,ladder/gen9uu
ladder,gen9uu,Mimilucha,,85.7,,,2025-06-10T19:48:08.106743,showdown,ladder/gen9uu
ladder,gen9uu,Cammellia白山茶,,74.2,,,2025-06-10T19:48:08.106743,showdown,ladder/gen9uu
ladder,gen9uu,Wickard,,76.4,,,2025-06-10T19:48:08.106743,showdown,ladder/gen9uu
ladder,gen9uu,qoewgkwog,,80.4,,,2025-06-10T19:48:08.106743,showdown,ladder/gen9uu
ladder,gen9uu,pinkdinotamer,,88.8,,,2025-06-10T19:48:08.106743,showdown,ladder/gen9uu
ladder,gen9uu,uu25ba sharoomba,,82.0,,,2025-06-10T19:48:08.106743,showdown,ladder/gen9uu
ladder,gen9uu,lanturn dance,,85.4,,,2025-06-10T19:48:08.106743,showdown,ladder/gen9uu
ladder,gen9uu,skarmory243,,81.8,,,2025-06-10T19:48:08.106743,showdown,ladder/gen9uu
ladder,gen9uu,UU25XI Lyc,,82.5,,,2025-06-10T19:48:08.106743,showdown,ladder/gen9uu
ladder,gen9uu,gamer4905,,84.4,,,2025-06-10T19:48:08.106743,showdown,ladder/gen9uu
ladder,gen9uu,asahi 3,,84.6,,,2025-06-10T19:48:08.106743,showdown,ladder/gen9uu
ladder,gen9uu,padstar36,,80.1,,,2025-06-10T19:48:08.106743,showdown,ladder/gen9uu
ladder,gen9uu,Carrie's Room,,81.1,,,2025-06-10T19:48:08.106743,showdown,ladder/gen9uu
ladder,gen9uu,bungee moon 0,,77.9,,,2025-06-10T19:48:08.106743,showdown,ladder/gen9uu
ladder,gen9uu,uu training arc,,83.4,,,2025-06-10T19:48:08.106743,showdown,ladder/gen9uu
ladder,gen9uu,uunmzxcv,,71.1,,,2025-06-10T19:48:08.106743,showdown,ladder/gen9uu
ladder,gen9uu,EliotEnRetar,,79.1,,,2025-06-10T19:48:08.106743,showdown,ladder/gen9uu
ladder,gen9uu,jatotestes,,76.1,,,2025-06-10T19:48:08.106743,showdown,ladder/gen9uu
ladder,gen9uu,UU25PYpetrifiedcat,,80.6,,,2025-06-10T19:48:08.106743,showdown,ladder/gen9uu
ladder,gen9uu,Bananas12op,,80.4,,,2025-06-10T19:48:08.106743,showdown,ladder/gen9uu
ladder,gen9ru,hjkhj,,94.2,,,2025-06-10T19:48:08.106743,showdown,ladder/gen9ru
ladder,gen9ru,RULT85M Lime,,87.6,,,2025-06-10T19:48:08.106743,showdown,ladder/gen9ru
ladder,gen9ru,rult85r coops,,86.1,,,2025-06-10T19:48:08.106743,showdown,ladder/gen9ru
ladder,gen9ru,rult85f rank o),,90.4,,,2025-06-10T19:48:08.106743,showdown,ladder/gen9ru
ladder,gen9ru,volc with fo types,,89.9,,,2025-06-10T19:48:08.106743,showdown,ladder/gen9ru
ladder,gen9ru,RULT85A ming,,77.5,,,2025-06-10T19:48:08.106743,showdown,ladder/gen9ru
ladder,gen9ru,RULT85xFB,,79.0,,,2025-06-10T19:48:08.106743,showdown,ladder/gen9ru
ladder,gen9ru,RULT85S ak,,79.2,,,2025-06-10T19:48:08.106743,showdown,ladder/gen9ru
ladder,gen9ru,RULT85A arce,,82.3,,,2025-06-10T19:48:08.106743,showdown,ladder/gen9ru
ladder,gen9ru,RULT50W Sbs,,85.9,,,2025-06-10T19:48:08.106743,showdown,ladder/gen9ru
ladder,gen9ru,RULT85D aHareng,,79.6,,,2025-06-10T19:48:08.106743,showdown,ladder/gen9ru
ladder,gen9ru,ca$h hit,,86.1,,,2025-06-10T19:48:08.106743,showdown,ladder/gen9ru
ladder,gen9ru,RULT50y Ryu,,85.3,,,2025-06-10T19:48:08.106743,showdown,ladder/gen9ru
ladder,gen9ru,Vaeoz,,87.5,,,2025-06-10T19:48:08.106743,showdown,ladder/gen9ru
ladder,gen9ru,shreyashhy,,79.4,,,2025-06-10T19:48:08.106743,showdown,ladder/gen9ru
ladder,gen9ru,Flasveaudu09,,79.5,,,2025-06-10T19:48:08.106743,showdown,ladder/gen9ru
ladder,gen9ru,bug is dangerous,,86.0,,,2025-06-10T19:48:08.106743,showdown,ladder/gen9ru
ladder,gen9ru,its ok to judge,,85.6,,,2025-06-10T19:48:08.106743,showdown,ladder/gen9ru
ladder,gen9ru,ruok mommy,,79.0,,,2025-06-10T19:48:08.106743,showdown,ladder/gen9ru
ladder,gen9ru,Madinina,,86.9,,,2025-06-10T19:48:08.106743,showdown,ladder/gen9ru
ladder,gen9ru,Hoot1,,86.2,,,2025-06-10T19:48:08.106743,showdown,ladder/gen9ru
ladder,gen9ru,RULT50W PCD,,80.7,,,2025-06-10T19:48:08.106743,showdown,ladder/gen9ru
ladder,gen9ru,Meracx,,82.8,,,2025-06-10T19:48:08.106743,showdown,ladder/gen9ru
ladder,gen9ru,RULT50W LBN,,80.1,,,2025-06-10T19:48:08.106743,showdown,ladder/gen9ru
ladder,gen9ru,ClawitzerFan7,,75.9,,,2025-06-10T19:48:08.106743,showdown,ladder/gen9ru
ladder,gen9ru,RULT50Tetris,,82.4,,,2025-06-10T19:48:08.106743,showdown,ladder/gen9ru
ladder,gen9ru,freshoutgate,,86.9,,,2025-06-10T19:48:08.106743,showdown,ladder/gen9ru
ladder,gen9ru,PPDC,,87.9,,,2025-06-10T19:48:08.106743,showdown,ladder/gen9ru
ladder,gen9ru,hoyssxo,,90.2,,,2025-06-10T19:48:08.106743,showdown,ladder/gen9ru
ladder,gen9ru,alyras,,83.8,,,2025-06-10T19:48:08.106743,showdown,ladder/gen9ru
ladder,gen9ru,RULT85H helix,,80.4,,,2025-06-10T19:48:08.106743,showdown,ladder/gen9ru
ladder,gen9ru,Ac1D_13,,82.3,,,2025-06-10T19:48:08.106743,showdown,ladder/gen9ru
ladder,gen9ru,Nutri Choice,,76.5,,,2025-06-10T19:48:08.106743,showdown,ladder/gen9ru
ladder,gen9ru,RULT85N Nemosse,,78.1,,,2025-06-10T19:48:08.106743,showdown,ladder/gen9ru
ladder,gen9ru,RU's ACE,,79.8,,,2025-06-10T19:48:08.106743,showdown,ladder/gen9ru
ladder,gen9ru,i<3bea,,81.6,,,2025-06-10T19:48:08.106743,showdown,ladder/gen9ru
ladder,gen9ru,Czarvis,,75.9,,,2025-06-10T19:48:08.106743,showdown,ladder/gen9ru
ladder,gen9ru,Afole Yo,,89.7,,,2025-06-10T19:48:08.106743,showdown,ladder/gen9ru
ladder,gen9ru,DDD Reveal,,81.5,,,2025-06-10T19:48:08.106743,showdown,ladder/gen9ru
ladder,gen9ru,regintorm,,91.4,,,2025-06-10T19:48:08.106743,showdown,ladder/gen9ru
ladder,gen9ru,ikotion,,83.1,,,2025-06-10T19:48:08.106743,showdown,ladder/gen9ru
ladder,gen9ru,RULT81 win,,79.8,,,2025-06-10T19:48:08.106743,showdown,ladder/gen9ru
ladder,gen9ru,Quag Lover,,91.7,,,2025-06-10T19:48:08.106743,showdown,ladder/gen9ru
ladder,gen9ru,valea cerbului,,90.1,,,2025-06-10T19:48:08.106743,showdown,ladder/gen9ru
ladder,gen9ru,rult50azause,,78.8,,,2025-06-10T19:48:08.106743,showdown,ladder/gen9ru
ladder,gen9ru,LaMiellerie,,83.5,,,2025-06-10T19:48:08.106743,showdown,ladder/gen9ru
ladder,gen9ru,RULT85S slik,,79.9,,,2025-06-10T19:48:08.106743,showdown,ladder/gen9ru
ladder,gen9ru,Panorama Fiesta,,83.9,,,2025-06-10T19:48:08.106743,showdown,ladder/gen9ru
ladder,gen9ru,rult50l naem,,80.8,,,2025-06-10T19:48:08.106743,showdown,ladder/gen9ru
ladder,gen9ru,Arce9 but worse,,81.1,,,2025-06-10T19:48:08.106743,showdown,ladder/gen9ru
ladder,gen9uu,1024 hello,,82.2,,,2025-06-10T19:48:08.106743,showdown,ladder/gen9uu
ladder,gen9uu,Jim bucket,,84.5,,,2025-06-10T19:48:08.106743,showdown,ladder/gen9uu
ladder,gen9uu,dragonitenoob,,84.1,,,2025-06-10T19:48:08.106743,showdown,ladder/gen9uu
ladder,gen9uu,isn't pokemon fun,,84.7,,,2025-06-10T19:48:08.106743,showdown,ladder/gen9uu
ladder,gen9uu,UU25BA beamz,,81.0,,,2025-06-10T19:48:08.106743,showdown,ladder/gen9uu
ladder,gen9uu,UU25BA Jv,,79.5,,,2025-06-10T19:48:08.106743,showdown,ladder/gen9uu
ladder,gen9uu,UU25BA Zephyri,,78.3,,,2025-06-10T19:48:08.106743,showdown,ladder/gen9uu
ladder,gen9uu,UU25BA HTC,,82.2,,,2025-06-10T19:48:08.106743,showdown,ladder/gen9uu
ladder,gen9uu,uu25py peum,,85.8,,,2025-06-10T19:48:08.106743,showdown,ladder/gen9uu
ladder,gen9uu,ajumi,,89.8,,,2025-06-10T19:48:08.106743,showdown,ladder/gen9uu
ladder,gen9uu,uu25ba ynd,,85.8,,,2025-06-10T19:48:08.106743,showdown,ladder/gen9uu
ladder,gen9uu,uu25py jf,,86.6,,,2025-06-10T19:48:08.106743,showdown,ladder/gen9uu
ladder,gen9uu,UU25BA Petros,,85.0,,,2025-06-10T19:48:08.106743,showdown,ladder/gen9uu
ladder,gen9uu,UU25KE yiyue,,83.7,,,2025-06-10T19:48:08.106743,showdown,ladder/gen9uu
ladder,gen9uu,UU25BA Fpg,,80.0,,,2025-06-10T19:48:08.106743,showdown,ladder/gen9uu
ladder,gen9uu,UU25XI pet the cat,,81.4,,,2025-06-10T19:48:08.106743,showdown,ladder/gen9uu
ladder,gen9uu,Hydreigon > Latias,,84.0,,,2025-06-10T19:48:08.106743,showdown,ladder/gen9uu
ladder,gen9uu,UU25XI Laro,,85.0,,,2025-06-10T19:48:08.106743,showdown,ladder/gen9uu
ladder,gen9uu,SirFresh,,81.8,,,2025-06-10T19:48:08.106743,showdown,ladder/gen9uu
ladder,gen9uu,uu25ba coffy,,83.4,,,2025-06-10T19:48:08.106743,showdown,ladder/gen9uu
ladder,gen9uu,uu25py mossy,,82.2,,,2025-06-10T19:48:08.106743,showdown,ladder/gen9uu
ladder,gen9uu,uu25py hi,,76.0,,,2025-06-10T19:48:08.106743,showdown,ladder/gen9uu
ladder,gen9uu,UU25XI mrk,,83.4,,,2025-06-10T19:48:08.106743,showdown,ladder/gen9uu
ladder,gen9uu,UU25XI zugu,,86.7,,,2025-06-10T19:48:08.106743,showdown,ladder/gen9uu
ladder,gen9uu,UU25PY qob,,82.4,,,2025-06-10T19:48:08.106743,showdown,ladder/gen9uu
ladder,gen9uu,Malk Tyme,,82.4,,,2025-06-10T19:48:08.106743,showdown,ladder/gen9uu
ladder,gen9uu,UU25PY wing,,83.4,,,2025-06-10T19:48:08.106743,showdown,ladder/gen9uu
ladder,gen9uu,uu25py winter,,81.7,,,2025-06-10T19:48:08.106743,showdown,ladder/gen9uu
ladder,gen9uu,UU25XI Apple,,82.9,,,2025-06-10T19:48:08.106743,showdown,ladder/gen9uu
ladder,gen9uu,UU25XI 691,,80.4,,,2025-06-10T19:48:08.106743,showdown,ladder/gen9uu
ladder,gen9uu,UU25PY Tree,,80.6,,,2025-06-10T19:48:08.106743,showdown,ladder/gen9uu
ladder,gen9uu,UU25XI seraph,,80.6,,,2025-06-10T19:48:08.106743,showdown,ladder/gen9uu
ladder,gen9uu,UU25XI Lily,,85.5,,,2025-06-10T19:48:08.106743,showdown,ladder/gen9uu
ladder,gen9uu,UU25XI Sbs,,88.3,,,2025-06-10T19:48:08.106743,showdown,ladder/gen9uu
ladder,gen9uu,gmuf,,90.1,,,2025-06-10T19:48:08.106743,showdown,ladder/gen9uu
ladder,gen9uu,UU25BA Sab,,83.0,,,2025-06-10T19:48:08.106743,showdown,ladder/gen9uu
ladder,gen9uu,Cold.exe,,86.4,,,2025-06-10T19:48:08.106743,showdown,ladder/gen9uu
ladder,gen9uu,Severalwriter,,85.2,,,2025-06-10T19:48:08.106743,showdown,ladder/gen9uu
ladder,gen9uu,uu25ke lizzie,,83.1,,,2025-06-10T19:48:08.106743,showdown,ladder/gen9uu
ladder,gen9uu,UU25PY Jv,,75.1,,,2025-06-10T19:48:08.106743,showdown,ladder/gen9uu
ladder,gen9uu,koraline,,88.6,,,2025-06-10T19:48:08.106743,showdown,ladder/gen9uu
ladder,gen9uu,Sirwings,,82.8,,,2025-06-10T19:48:08.106743,showdown,ladder/gen9uu
ladder,gen9uu,UU25KE Gray,,81.9,,,2025-06-10T19:48:08.106743,showdown,ladder/gen9uu
ladder,gen9uu,Midnight rain 30,,75.4,,,2025-06-10T19:48:08.106743,showdown,ladder/gen9uu
ladder,gen9uu,yiyue,,77.8,,,2025-06-10T19:48:08.106743,showdown,ladder/gen9uu
ladder,gen9uu,uu25ke dnb,,78.2,,,2025-06-10T19:48:08.106743,showdown,ladder/gen9uu
ladder,gen9uu,juikpol,,78.4,,,2025-06-10T19:48:08.106743,showdown,ladder/gen9uu
ladder,gen9uu,kleinerhodenkobold,,77.0,,,2025-06-10T19:48:08.106743,showdown,ladder/gen9uu
ladder,gen9uu,uu25ba corp n,,81.0,,,2025-06-10T19:48:08.106743,showdown,ladder/gen9uu
ladder,gen9uu,Goro Yagami 54,,75.4,,,2025-06-10T19:48:08.106743,showdown,ladder/gen9uu
